Team,Year,GP,P,ROW,Ave Salary,Salary Variation,Full Team Name,Gini,Gini2,RosterSize
ANA,2024,82,80,31,3094967,2453877.65,Anaheim Ducks,0.4289,0.18395521,25
BOS,2024,82,76,33,4030132,3256674.369,Boston Bruins,0.4451,0.19811401,19
BUF,2024,82,79,32,3169409,2811172.853,Buffalo Sabres,0.4591,0.21077281,25
CGY,2024,82,96,36,2545387,2378075.497,Calgary Flames,0.4574,0.20921476,28
CAR,2024,82,99,47,3441485,2664050.267,Carolina Hurricanes,0.4197,0.17614809,27
CHI,2024,82,61,23,3005159,1937055.468,Chicago Blackhawks,0.356,0.126736,24
COL,2024,82,102,45,3899038,2948145.447,Colorado Avalanche,0.409,0.167281,26
CBJ,2024,82,89,34,2638782,2157052.027,Columbus Blue Jackets,0.4183,0.17497489,26
DAL,2024,82,106,48,4159931,3084401.483,Dallas Stars,0.4117,0.16949689,24
DET,2024,82,86,36,3408528,2705530.507,Detroit Red Wings,0.4342,0.18852964,26
EDM,2024,82,101,48,3082417,2873996.611,Edmonton Oilers,0.4641,0.21538881,30
FLA,2024,82,98,41,3852685,3283531.406,Florida Panthers,0.463,0.214369,27
LAK,2024,82,105,47,3230982,2751073.983,Los Angeles Kings,0.452,0.204304,28
MIN,2024,82,97,42,3223841,2337742.455,Minnesota Wild,0.3953,0.15626209,23
MTL,2024,82,91,38,3493533,2826979.43,Montreal Canadiens,0.4355,0.18966025,25
NSH,2024,82,68,28,2968032,2818358.421,Nashville Predators,0.4873,0.23746129,23
NJD,2024,82,91,40,3158790,2653514.13,New Jersey Devils,0.4481,0.20079361,31
NYI,2024,82,82,33,3130874,2664873.513,New York Islanders,0.4561,0.20802721,28
NYR,2024,82,85,38,3015441,3108796.667,New York Rangers,0.5097,0.25979409,28
OTT,2024,82,97,44,3626627,2763342.411,Ottawa Senators,0.4229,0.17884441,24
PHI,2024,82,76,27,2680167,2109731.549,Philadelphia Flyers,0.4119,0.16966161,25
PIT,2024,82,80,33,2754152,2687230.821,Pittsburgh Penguins,0.4827,0.23299929,33
SJS,2024,82,52,18,2281773,2013316.902,San Jose Sharks,0.432,0.186624,27
SEA,2024,82,76,33,3761452,2404931.781,Seattle Kraken,0.3603,0.12981609,20
STL,2024,82,96,40,3554822,2621810.743,St. Louis Blues,0.4098,0.16793604,25
TBL,2024,82,102,45,4031354,3312041.436,Tampa Bay Lightning,0.4506,0.20304036,24
TOR,2024,82,108,51,3605127,3713928.916,Toronto Maple Leafs,0.5056,0.25563136,27
VAN,2024,82,90,35,3340551,2858116.696,Vancouver Canucks,0.4502,0.20268004,23
VGK,2024,82,110,49,3367327,2916780.192,Vegas Golden Knights,0.4595,0.21114025,29
WPG,2024,82,116,54,2904124,2383544.868,Winnipeg Jets,0.4373,0.19123129,31
ANA,2023,82,59,26,2489057.54,2217507.36,Anaheim Ducks,0.4525,0.20475625,28
ARI,2023,82,77,34,2985676,2364045.03,Arizona Coyotes,0.4192,0.17572864,22
BOS,2023,82,109,43,3040892.86,2721313.96,Boston Bruins,0.4578,0.20958084,28
BUF,2023,82,84,37,3109720.43,2335254.38,Buffalo Sabres,0.4062,0.16499844,23
CGY,2023,82,81,38,3166413.04,2715019.08,Calgary Flames,0.4541,0.20620681,23
CAR,2023,82,111,50,3533682.11,2659839.32,Carolina Hurricanes,0.4178,0.17455684,27
CHI,2023,82,52,22,2657651.5,2232513.28,Chicago Blackhawks,0.4303,0.18515809,22
COL,2023,82,107,48,3542000,3106338.04,Colorado Avalanche,0.4573,0.20912329,25
CBJ,2023,82,66,24,2913621.77,2895721.37,Columbus Blue Jackets,0.4938,0.24383844,26
DAL,2023,82,113,48,3791159.43,3012632.13,Dallas Stars,0.4329,0.18740241,23
DET,2023,82,91,38,3548787.86,2240915.98,Detroit Red Wings,0.353,0.124609,22
EDM,2023,82,104,47,3502083.33,3129943.31,Edmonton Oilers,0.4668,0.21790224,24
FLA,2023,82,110,49,3283205.15,2964452.14,Florida Panthers,0.4652,0.21641104,26
LAK,2023,82,99,42,3580253.65,3174855.54,Los Angeles Kings,0.4705,0.22137025,23
MIN,2023,82,87,36,2839266.64,2458436.93,Minnesota Wild,0.4519,0.20421361,25
MTL,2023,82,76,26,2982147.38,2681425.04,Montreal Canadiens,0.4642,0.21548164,26
NSH,2023,82,99,44,3102038,2393597.46,Nashville Predators,0.4129,0.17048641,24
NJD,2023,82,81,38,3111800,2878462.82,New Jersey Devils,0.4774,0.22791076,25
NYI,2023,82,94,38,3299709.92,2512250.66,New York Islanders,0.4177,0.17447329,26
NYR,2023,82,114,51,3660360.92,3116728.59,New York Rangers,0.4574,0.20921476,25
OTT,2023,82,78,32,3191383.88,2734603.82,Ottawa Senators,0.4586,0.21031396,24
PHI,2023,82,87,34,3201979.17,2310686.61,Philadelphia Flyers,0.3963,0.15705369,24
PIT,2023,82,88,36,3554355.43,2808273.72,Pittsburgh Penguins,0.4218,0.17791524,23
SJS,2023,82,47,18,2288125,1930862.06,San Jose Sharks,0.4243,0.18003049,28
SEA,2023,82,81,31,3310688.39,2038718.88,Seattle Kraken,0.3475,0.12075625,23
STL,2023,82,92,38,3816834.41,2741738.79,St. Louis Blues,0.3995,0.15960025,22
TBL,2023,82,98,42,3517380.89,3275531.76,Tampa Bay Lightning,0.4917,0.24176889,28
TOR,2023,82,102,41,3591881.63,3242151.78,Toronto Maple Leafs,0.4731,0.22382361,30
VAN,2023,82,109,50,3392350,2392075.89,Vancouver Canucks,0.3949,0.15594601,25
VGK,2023,82,98,41,3941758.63,2779646.87,Vegas Golden Knights,0.3902,0.15225604,27
WPG,2023,82,110,52,3297763.69,2073569.52,Winnipeg Jets,0.356,0.126736,26
ANA,2022,82,58,20,2122000,1855197.9,Anaheim Ducks,0.4327,0.18722929,30
ARI,2022,82,70,25,2897550.61,2463564.27,Arizona Coyotes,0.4497,0.20223009,23
BOS,2022,82,135,61,3574733.32,2299605.6,Boston Bruins,0.3593,0.12909649,25
BUF,2022,82,91,39,2511018.52,2040183.76,Buffalo Sabres,0.4083,0.16670889,27
CGY,2022,82,93,36,3514583.33,2045608.44,Calgary Flames,0.3302,0.10903204,24
CAR,2022,82,113,48,3539330.26,2449380.49,Carolina Hurricanes,0.389,0.151321,27
CHI,2022,82,59,24,2480000,2596206.66,Chicago Blackhawks,0.4842,0.23444964,25
COL,2022,82,109,45,3336153.85,2603170.87,Colorado Avalanche,0.4249,0.18054001,26
CBJ,2022,82,59,24,2636666.64,2792183.75,Columbus Blue Jackets,0.5023,0.25230529,25
DAL,2022,82,108,43,3447300,2860656.76,Dallas Stars,0.4458,0.19873764,25
DET,2022,82,80,32,2147307.69,1707885.52,Detroit Red Wings,0.4106,0.16859236,26
EDM,2022,82,109,50,3410166.64,3077210.58,Edmonton Oilers,0.4678,0.21883684,25
FLA,2022,82,92,40,3230000.04,3090266.97,Florida Panthers,0.4941,0.24413481,25
LAK,2022,82,104,41,2892230.32,2915584.16,Los Angeles Kings,0.5002,0.25020004,25
MIN,2022,82,103,39,2975956.78,2505185.17,Minnesota Wild,0.4477,0.20043529,27
MTL,2022,82,68,26,2992876.29,2481137.29,Montreal Canadiens,0.437,0.190969,31
NSH,2022,82,92,36,2661060.82,2751440.44,Nashville Predators,0.5018,0.25180324,28
NJD,2022,82,112,50,3276825.27,2419989.03,New Jersey Devils,0.4055,0.16443025,26
NYI,2022,82,93,41,3235576.92,2199234.14,New York Islanders,0.3813,0.14538969,26
NYR,2022,82,107,43,3864214.28,3504282.95,New York Rangers,0.4852,0.23541904,25
OTT,2022,82,86,37,2948928.6,2555723.09,Ottawa Senators,0.4563,0.20820969,25
PHI,2022,82,75,29,3421007.6,2480601.9,Philadelphia Flyers,0.4032,0.16257024,25
PIT,2022,82,91,39,3464590.62,2268627.45,Pittsburgh Penguins,0.3687,0.13593969,24
SJS,2022,82,60,21,2851153.85,2754191.67,San Jose Sharks,0.4679,0.21893041,26
SEA,2022,82,100,46,3070256.38,1888304.28,Seattle Kraken,0.3475,0.12075625,26
STL,2022,82,81,34,3160797.09,2266932.36,St. Louis Blues,0.3994,0.15952036,23
TBL,2022,82,98,43,3591354.17,3210427.02,Tampa Bay Lightning,0.4759,0.22648081,24
TOR,2022,82,111,49,3458807.34,3423472.54,Toronto Maple Leafs,0.5048,0.25482304,29
VAN,2022,82,83,32,3041681.03,2469161.14,Vancouver Canucks,0.4411,0.19456921,29
VGK,2022,82,111,46,3417528.14,2611455.69,Vegas Golden Knights,0.4042,0.16337764,29
WPG,2022,82,95,45,3203068.74,2498568.3,Winnipeg Jets,0.4258,0.18130564,27
ANA,2021,82,76,27,2005157.04,1860871.19,Anaheim Ducks,0.4389,0.19263321,26
ARI,2021,82,57,24,2605080.82,2267641.26,Arizona Coyotes,0.4549,0.20693401,33
BOS,2021,82,107,49,2823848.58,2039182.51,Boston Bruins,0.3992,0.15936064,31
BUF,2021,82,75,29,2273222.2,2105250.37,Buffalo Sabres,0.4532,0.20539024,30
CGY,2021,82,111,48,3190219.11,2210808.69,Calgary Flames,0.388,0.150544,27
CAR,2021,82,116,53,3572411.4,2294071.59,Carolina Hurricanes,0.3606,0.13003236,25
CHI,2021,82,68,22,3014062.5,2869146.43,Chicago Blackhawks,0.4774,0.22791076,24
COL,2021,82,119,52,3122172.61,2553172.55,Colorado Avalanche,0.4392,0.19289664,28
CBJ,2021,82,81,33,2357306.1,2087612.47,Columbus Blue Jackets,0.443,0.196249,29
DAL,2021,82,98,41,3178240.74,2806300.99,Dallas Stars,0.4623,0.21372129,27
DET,2021,82,74,29,2073247.14,1641273.03,Detroit Red Wings,0.411,0.168921,29
EDM,2021,82,104,44,3306466.32,2730371.69,Edmonton Oilers,0.4169,0.17380561,25
FLA,2021,82,122,55,2977347.2,2569213.76,Florida Panthers,0.453,0.205209,30
LAK,2021,82,99,40,2713556.93,2636183.68,Los Angeles Kings,0.4717,0.22250089,30
MIN,2021,82,113,48,3323888.83,2545755.2,Minnesota Wild,0.4211,0.17732521,24
MTL,2021,82,55,19,2750179.67,2559863.73,Montreal Canadiens,0.4737,0.22439169,30
NSH,2021,82,97,41,2552212.74,2521663.79,Nashville Predators,0.4865,0.23668225,27
NJD,2021,82,63,24,2324921.84,2281303.37,New Jersey Devils,0.4628,0.21418384,32
NYI,2021,82,84,35,3038233.36,2227222.05,New York Islanders,0.4042,0.16337764,25
NYR,2021,82,110,48,2759326.71,2583709.91,New York Rangers,0.4585,0.21022225,28
OTT,2021,82,73,30,2326772.47,2168234.86,Ottawa Senators,0.4546,0.20666116,30
PHI,2021,82,61,24,2760155.57,2345176.29,Philadelphia Flyers,0.45,0.2025,28
PIT,2021,82,103,43,3482493.84,2493221.7,Pittsburgh Penguins,0.3944,0.15555136,25
SJS,2021,82,77,29,2474973.1,2803823.69,San Jose Sharks,0.5167,0.26697889,31
SEA,2021,82,60,24,2844928.79,1832740.58,Seattle Kraken,0.3598,0.12945604,24
STL,2021,82,109,47,3417500,2471558.21,St. Louis Blues,0.4043,0.16345849,25
TBL,2021,82,110,49,4037500,3084369.96,Tampa Bay Lightning,0.4231,0.17901361,22
TOR,2021,82,115,51,3305856.15,3369157.67,Toronto Maple Leafs,0.5069,0.25694761,27
VAN,2021,82,92,37,2647118.06,2431713.57,Vancouver Canucks,0.4732,0.22391824,32
VGK,2021,82,94,39,3388179.04,2910077.7,Vegas Golden Knights,0.4599,0.21150801,27
WPG,2021,82,89,37,3370987.08,2513183.29,Winnipeg Jets,0.4124,0.17007376,24
ANA,2020,56,43,15,2994444.41,2384663.79,Anaheim Ducks,0.4304,0.18524416,27
ARI,2020,56,54,21,2828649.41,2370974.53,Arizona Coyotes,0.4472,0.19998784,29
BOS,2020,56,73,29,2675434.06,2336811.12,Boston Bruins,0.4573,0.20912329,34
BUF,2020,56,37,11,2424826.1,2448330.28,Buffalo Sabres,0.4806,0.23097636,29
CGY,2020,56,55,25,3019615.35,2453758.84,Calgary Flames,0.4396,0.19324816,26
CAR,2020,56,80,32,2907293.15,2170866.08,Carolina Hurricanes,0.4092,0.16744464,27
CHI,2020,56,55,22,2437030.49,2575023.21,Chicago Blackhawks,0.4833,0.23357889,37
COL,2020,56,82,39,2718920.54,2168572.81,Colorado Avalanche,0.4266,0.18198756,35
CBJ,2020,56,48,15,2395566.97,1983488.67,Columbus Blue Jackets,0.4357,0.18983449,31
DAL,2020,56,60,21,2752096.74,2525534.15,Dallas Stars,0.4638,0.21511044,31
DET,2020,56,48,17,2511694.86,1771719.62,Detroit Red Wings,0.3841,0.14753281,28
EDM,2020,56,72,35,2512652.31,2589557.83,Edmonton Oilers,0.4789,0.22934521,35
FLA,2020,56,79,36,2296559.49,2305280.35,Florida Panthers,0.4781,0.22857961,35
LAK,2020,56,49,20,2036927,2560310.22,Los Angeles Kings,0.5007,0.25070049,32
MIN,2020,56,75,34,3032777,2273909.1,Minnesota Wild,0.4131,0.17065161,28
MTL,2020,56,59,23,2892461.55,2357355.5,Montreal Canadiens,0.4254,0.18096516,31
NSH,2020,56,64,26,2561657.91,2383667.19,Nashville Predators,0.4683,0.21930489,34
NJD,2020,56,45,19,2221498.2,2132941.41,New Jersey Devils,0.4578,0.20958084,25
NYI,2020,56,71,28,3304416.67,2169675.6,New York Islanders,0.3692,0.13630864,30
NYR,2020,56,60,26,1958988.05,2346759.46,New York Rangers,0.4719,0.22268961,40
OTT,2020,56,51,21,2086360.24,2041169.08,Ottawa Senators,0.467,0.218089,34
PHI,2020,56,58,22,2877606.56,2550443.62,Philadelphia Flyers,0.4654,0.21659716,27
PIT,2020,56,77,34,2625134.35,2464671.52,Pittsburgh Penguins,0.4766,0.22714756,34
SJS,2020,56,49,16,2592426.44,2880427.44,San Jose Sharks,0.524,0.274576,34
STL,2020,56,63,25,2636306.27,2294313.28,St. Louis Blues,0.4575,0.20930625,37
TBL,2020,56,75,35,3350781.22,2869991.19,Tampa Bay Lightning,0.463,0.214369,32
TOR,2020,56,77,34,3041372.12,3161742.99,Toronto Maple Leafs,0.5084,0.25847056,32
VAN,2020,56,50,20,2225801.54,1937941.9,Vancouver Canucks,0.4441,0.19722481,35
VGK,2020,56,82,39,3245771.63,2654881.02,Vegas Golden Knights,0.4436,0.19678096,27
WPG,2020,56,63,30,2839775,2413688.38,Winnipeg Jets,0.4535,0.20566225,31
ANA,2019,71,67,24,3259303.75,2438284.02,Anaheim Ducks,0.4144,0.17172736,24
ARI,2019,70,74,28,3594651,2263330.66,Arizona Coyotes,0.3548,0.12588304,24
BOS,2019,70,100,44,2958056.96,2248540.97,Boston Bruins,0.4113,0.16916769,25
BUF,2019,69,68,28,3172200,2436311.9,Buffalo Sabres,0.4043,0.16345849,25
CGY,2019,70,79,30,3163252.32,2247357.4,Calgary Flames,0.399,0.159201,25
CAR,2019,68,81,33,3590826.09,2028850.19,Carolina Hurricanes,0.3178,0.10099684,23
CHI,2019,70,72,28,2954510.89,2897755.38,Chicago Blackhawks,0.4882,0.23833924,27
COL,2019,70,92,41,2907106.19,2126495.08,Colorado Avalanche,0.3934,0.15476356,26
CBJ,2019,70,81,33,2495641.1,1896971.63,Columbus Blue Jackets,0.4092,0.16744464,31
DAL,2019,69,82,35,3324652.79,2617765.5,Dallas Stars,0.4143,0.17164449,24
DET,2019,71,39,14,2526480.25,1741367.16,Detroit Red Wings,0.3797,0.14417209,28
EDM,2019,71,83,35,2948932.04,2770503.37,Edmonton Oilers,0.4647,0.21594609,27
FLA,2019,69,78,32,3223020.75,2574583.22,Florida Panthers,0.4344,0.18870336,24
LAK,2019,70,64,28,2553608.82,2999349.05,Los Angeles Kings,0.5329,0.28398241,22
MIN,2019,69,77,33,3450163.14,2161375.81,Minnesota Wild,0.3563,0.12694969,22
MTL,2019,71,71,27,3138281.52,2470477.59,Montreal Canadiens,0.4142,0.17156164,23
NSH,2019,69,78,32,3429670.09,2384264.81,Nashville Predators,0.3903,0.15233409,23
NJD,2019,69,68,24,2468636.32,2264803.28,New Jersey Devils,0.4658,0.21696964,22
NYI,2019,68,80,32,2988132.14,1977578.83,New York Islanders,0.3723,0.13860729,29
NYR,2019,70,79,36,2246938.74,2619124.02,New York Rangers,0.4936,0.24364096,35
OTT,2019,71,62,24,2592930.56,1914179.59,Ottawa Senators,0.402,0.161604,27
PHI,2019,69,89,36,3195416.76,2641221.43,Philadelphia Flyers,0.4499,0.20241001,25
PIT,2019,69,86,37,3149087.96,2580802.74,Pittsburgh Penguins,0.442,0.195364,27
SJS,2019,70,63,27,2979358.96,3107829.9,San Jose Sharks,0.5171,0.26739241,26
STL,2019,71,94,40,3373397.38,2219408.78,St. Louis Blues,0.3709,0.13756681,26
TBL,2019,70,92,41,3277916.62,2814067.66,Tampa Bay Lightning,0.4598,0.21141604,24
TOR,2019,70,81,35,3612522.81,3288812.14,Toronto Maple Leafs,0.4758,0.22638564,27
VAN,2019,69,78,32,3064326.92,1907639.52,Vancouver Canucks,0.3516,0.12362256,26
VGK,2019,71,86,36,3731521.74,2530791.01,Vegas Golden Knights,0.3798,0.14424804,23
WPG,2019,71,80,34,2814098.52,2407100.87,Winnipeg Jets,0.4571,0.20894041,29
ANA,2018,82,80,32,3163825.73,2452665.68,Anaheim Ducks,0.42,0.1764,22
ARI,2018,82,86,35,2380287.31,1933145.67,Arizona Coyotes,0.4294,0.18438436,29
BOS,2018,82,107,47,3086666.64,2407811.45,Boston Bruins,0.4279,0.18309841,25
BUF,2018,82,76,28,3190584.41,2318066.94,Buffalo Sabres,0.3906,0.15256836,22
CGY,2018,82,107,50,2860284.82,2212218.57,Calgary Flames,0.4243,0.18003049,28
CAR,2018,82,99,44,2556268.09,1911632.16,Carolina Hurricanes,0.4057,0.16459249,23
CHI,2018,82,84,33,3135440.3,3024167.51,Chicago Blackhawks,0.4895,0.23961025,23
COL,2018,82,90,36,3106357.12,2187217.36,Colorado Avalanche,0.393,0.154449,25
CBJ,2018,82,98,45,2786111.1,2099263.69,Columbus Blue Jackets,0.4109,0.16883881,30
DAL,2018,82,93,42,2991810.34,2209755.02,Dallas Stars,0.3947,0.15578809,29
DET,2018,82,74,29,3258974.08,1778569.23,Detroit Red Wings,0.3107,0.09653449,24
EDM,2018,82,79,32,3209561.57,2884699.56,Edmonton Oilers,0.4556,0.20757136,23
FLA,2018,82,86,33,3041413.04,2156859.82,Florida Panthers,0.3952,0.15618304,23
LAK,2018,82,71,28,2975200.46,2725661.67,Los Angeles Kings,0.4798,0.23020804,24
MIN,2018,82,83,36,2682734.19,2296407.4,Minnesota Wild,0.4548,0.20684304,26
MTL,2018,82,96,41,2550727.52,2436916.21,Montreal Canadiens,0.4653,0.21650409,27
NSH,2018,82,100,43,2760446.39,2310251.95,Nashville Predators,0.4472,0.19998784,28
NJD,2018,82,72,28,2359094.17,1972413.91,New Jersey Devils,0.4365,0.19053225,23
NYI,2018,82,103,43,2686698.69,1772538.76,New York Islanders,0.3703,0.13712209,26
NYR,2018,82,78,26,2675597.74,2314964.05,New York Rangers,0.4538,0.20593444,23
OTT,2018,82,64,29,2412765.14,1831086.57,Ottawa Senators,0.4039,0.16313521,22
PHI,2018,82,82,34,2728698.35,2425053.15,Philadelphia Flyers,0.4607,0.21224449,23
PIT,2018,82,100,42,3155466.64,2716622.47,Pittsburgh Penguins,0.4619,0.21335161,25
SJS,2018,82,101,46,3375277.79,2551299.6,San Jose Sharks,0.421,0.177241,24
STL,2018,82,99,42,3134871.73,2348538.17,St. Louis Blues,0.4161,0.17313921,26
TBL,2018,82,128,56,3210069.42,2359686.15,Tampa Bay Lightning,0.405,0.164025,24
TOR,2018,82,100,46,2783015.79,2759395.97,Toronto Maple Leafs,0.4882,0.23833924,29
VAN,2018,82,81,29,2203116.09,1588060.38,Vancouver Canucks,0.3847,0.14799409,33
VGK,2018,82,93,40,2906696.43,2055552.37,Vegas Golden Knights,0.3948,0.15586704,28
WPG,2018,82,99,45,3029697.48,2273249.4,Winnipeg Jets,0.4121,0.16982641,27
ANA,2017,82,101,40,2674226.18,2241448.91,Anaheim Ducks,0.4318,0.18645124,28
ARI,2017,82,70,27,2105277.67,1886998.32,Arizona Coyotes,0.447,0.199809,24
BOS,2017,82,112,47,2989683.28,2635155.75,Boston Bruins,0.4659,0.21706281,25
BUF,2017,82,62,24,2587479.3,2075378.51,Buffalo Sabres,0.4296,0.18455616,23
CGY,2017,82,84,35,2806152.54,2143076.74,Calgary Flames,0.4224,0.17842176,26
CAR,2017,82,83,33,2497874.95,1770892.57,Carolina Hurricanes,0.3894,0.15163236,20
CHI,2017,82,76,32,3172013.41,3173234.66,Chicago Blackhawks,0.5091,0.25918281,22
COL,2017,82,95,41,2387520.52,2208076.54,Colorado Avalanche,0.4654,0.21659716,29
CBJ,2017,82,97,39,2643505.3,2040353.6,Columbus Blue Jackets,0.4209,0.17715681,27
DAL,2017,82,92,38,3274393.95,2544256.99,Dallas Stars,0.4256,0.18113536,22
DET,2017,82,73,25,3018009.64,1975153.19,Detroit Red Wings,0.3664,0.13424896,22
EDM,2017,82,78,31,2510029.78,2254238.89,Edmonton Oilers,0.4607,0.21224449,23
FLA,2017,82,96,41,2767048.58,2110036.13,Florida Panthers,0.4176,0.17438976,24
LAK,2017,82,98,43,2861481.5,2561375.55,Los Angeles Kings,0.4697,0.22061809,26
MIN,2017,82,101,42,2652365.17,2278777.75,Minnesota Wild,0.4577,0.20948929,29
MTL,2017,82,71,27,2394473.38,2200477.18,Montreal Canadiens,0.4688,0.21977344,26
NSH,2017,82,117,47,2657048.58,2295452.11,Nashville Predators,0.4528,0.20502784,24
NJD,2017,82,97,39,2148787.11,1847996.14,New Jersey Devils,0.4408,0.19430464,35
NYI,2017,82,80,32,2802532.08,1848519.71,New York Islanders,0.3715,0.13801225,26
NYR,2017,82,77,31,2432066.64,2185797.38,New York Rangers,0.4582,0.20994724,25
OTT,2017,82,67,26,2937689.36,2046283.28,Ottawa Senators,0.3906,0.15256836,22
PHI,2017,82,98,40,2996932.68,2142220.7,Philadelphia Flyers,0.384,0.147456,25
PIT,2017,82,100,45,3231341.12,2699001.34,Pittsburgh Penguins,0.4535,0.20566225,24
SJS,2017,82,100,40,3048666.68,2247305.08,San Jose Sharks,0.4072,0.16581184,25
STL,2017,82,94,41,2732800,2237722.2,St. Louis Blues,0.4357,0.18983449,25
TBL,2017,82,113,48,2880555.56,2282405.67,Tampa Bay Lightning,0.4284,0.18352656,27
TOR,2017,82,105,42,2917403.85,1894000.27,Toronto Maple Leafs,0.3651,0.13329801,26
VAN,2017,82,73,31,2661664.63,2051223.36,Vancouver Canucks,0.421,0.177241,27
VGK,2017,82,109,47,2170156.22,1746890.05,Vegas Golden Knights,0.4261,0.18156121,32
WPG,2017,82,114,48,2569055.53,2219589.99,Winnipeg Jets,0.4536,0.20575296,30
ANA,2016,82,105,43,2826916.82,2298835.9,Anaheim Ducks,0.4316,0.18627856,28
ARI,2016,82,70,24,2205835.54,1767147.94,Arizona Coyotes,0.4168,0.17372224,28
BOS,2016,82,95,42,2658482.14,2318697.79,Boston Bruins,0.4567,0.20857489,28
BUF,2016,82,78,31,2758427.23,2057393.75,Buffalo Sabres,0.4089,0.16719921,26
CGY,2016,82,94,41,3012433.4,2054334.93,Calgary Flames,0.384,0.147456,25
CAR,2016,82,87,33,2126856.05,1737246.69,Carolina Hurricanes,0.4279,0.18309841,22
CHI,2016,82,109,46,2826158.77,2957448.16,Chicago Blackhawks,0.5165,0.26677225,26
COL,2016,82,48,21,2554224.24,2154513.81,Colorado Avalanche,0.4479,0.20061441,25
CBJ,2016,82,108,48,2525504.9,2129864.15,Columbus Blue Jackets,0.4495,0.20205025,29
DAL,2016,82,79,33,2754639.83,2188562.34,Dallas Stars,0.4306,0.18541636,23
DET,2016,82,79,24,3016030.91,1976681.5,Detroit Red Wings,0.3672,0.13483584,23
EDM,2016,82,103,43,2396499.93,1838161.73,Edmonton Oilers,0.4073,0.16589329,28
FLA,2016,82,81,30,2585347.21,1795994.95,Florida Panthers,0.3839,0.14737921,24
LAK,2016,82,86,37,3310915.61,2463434.29,Los Angeles Kings,0.4091,0.16736281,23
MIN,2016,82,106,46,2961010.28,2171273.41,Minnesota Wild,0.4053,0.16426809,25
MTL,2016,82,103,44,2919394.79,2252264.87,Montreal Canadiens,0.4199,0.17631601,24
NSH,2016,82,94,39,2364109.17,2265194.07,Nashville Predators,0.4886,0.23872996,29
NJD,2016,82,70,25,2818951.14,2018321.32,New Jersey Devils,0.3962,0.15697444,21
NYI,2016,82,94,39,2947103.25,1731080.82,New York Islanders,0.3361,0.11296321,24
NYR,2016,82,102,45,2793518.52,2308564.9,New York Rangers,0.4399,0.19351201,27
OTT,2016,82,98,38,2608027.77,2100460.65,Ottawa Senators,0.4338,0.18818244,30
PHI,2016,82,88,32,2877469.2,2214356.08,Philadelphia Flyers,0.412,0.169744,25
PIT,2016,82,111,46,2787067.45,2583142.85,Pittsburgh Penguins,0.4839,0.23415921,29
SJS,2016,82,99,44,3328968.29,2042451.89,San Jose Sharks,0.3502,0.12264004,21
STL,2016,82,99,44,2980329.88,2220661.25,St. Louis Blues,0.408,0.166464,24
TBL,2016,82,94,38,2840708.3,2141608.14,Tampa Bay Lightning,0.4086,0.16695396,20
TOR,2016,82,95,39,2320505.96,1653653.66,Toronto Maple Leafs,0.3904,0.15241216,28
VAN,2016,82,69,26,2307284.48,2111921.29,Vancouver Canucks,0.4644,0.21566736,29
WPG,2016,82,87,37,2443075.31,2095336.75,Winnipeg Jets,0.4426,0.19589476,26
ANA,2015,82,103,43,2401574.04,2159087.15,Anaheim Ducks,0.4427,0.19598329,27
ARI,2015,82,78,34,2264886.22,1731196.27,Arizona Coyotes,0.4086,0.16695396,27
BOS,2015,82,93,38,2852291.67,2286487.71,Boston Bruins,0.4358,0.18992164,24
BUF,2015,82,81,33,2306347.64,1765979.25,Buffalo Sabres,0.4092,0.16744464,25
CGY,2015,82,77,33,2710037.86,1628922.47,Calgary Flames,0.3381,0.11431161,22
CAR,2015,82,86,33,2068939.32,2024000.16,Carolina Hurricanes,0.4721,0.22287841,22
CHI,2015,82,103,46,2898790.08,2956177.55,Chicago Blackhawks,0.5111,0.26122321,24
COL,2015,82,82,35,2489176.73,1834235.53,Colorado Avalanche,0.4039,0.16313521,26
CBJ,2015,82,76,28,2814948.22,2129180.85,Columbus Blue Jackets,0.4144,0.17172736,23
DAL,2015,82,109,48,2590248.15,2049272.14,Dallas Stars,0.4251,0.18071001,27
DET,2015,82,93,39,2791115.12,2033989.46,Detroit Red Wings,0.4043,0.16345849,25
EDM,2015,82,70,27,2314089.52,1819082.7,Edmonton Oilers,0.4155,0.17264025,27
FLA,2015,82,103,40,2665790.78,1799223.79,Florida Panthers,0.3716,0.13808656,27
LAK,2015,82,102,46,3055156.89,2069889.8,Los Angeles Kings,0.3845,0.14784025,28
MIN,2015,82,87,35,2939778.08,2364541.23,Minnesota Wild,0.4412,0.19465744,24
MTL,2015,82,82,33,2489940.43,2240240.89,Montreal Canadiens,0.4669,0.21799561,28
NSH,2015,82,96,37,2503552.4,2091733.4,Nashville Predators,0.4454,0.19838116,25
NJD,2015,82,84,36,2483260.83,2071622.75,New Jersey Devils,0.4408,0.19430464,23
NYI,2015,82,100,40,2496474.37,1717495.34,New York Islanders,0.3847,0.14799409,27
NYR,2015,82,101,43,3533652.17,2628241.93,New York Rangers,0.4144,0.17172736,23
OTT,2015,82,85,32,2307943.54,1831446.91,Ottawa Senators,0.4165,0.17347225,26
PHI,2015,82,96,38,2603076.92,1973059.43,Philadelphia Flyers,0.409,0.167281,26
PIT,2015,82,104,44,2687959.69,2610148.35,Pittsburgh Penguins,0.4977,0.24770529,29
SJS,2015,82,98,42,2856099.96,2087433.94,San Jose Sharks,0.4081,0.16654561,25
STL,2015,82,107,44,2975989.58,2142451.59,St. Louis Blues,0.3991,0.15928081,24
TBL,2015,82,97,43,2784792.35,2073946.08,Tampa Bay Lightning,0.4131,0.17065161,26
TOR,2015,82,69,23,2744393.95,1607772.05,Toronto Maple Leafs,0.3314,0.10982596,22
VAN,2015,82,75,26,2825870.04,2026210.62,Vancouver Canucks,0.3943,0.15547249,25
WPG,2015,82,78,32,2042931.03,1784448.37,Winnipeg Jets,0.4387,0.19245769,29
